{"cameraMode":{"drawMode":0,"name":"Shaded","section":"Shading Mode"},"sceneLighting":true,"audioPlay":false,"sceneViewState":{"showFog":true,"showMaterialUpdate":false,"showSkybox":true,"showFlares":true,"showImageEffects":true,"showParticleSystems":true},"in2DMode":false,"pivot":{"x":-2.5306224822998049,"y":3.2241907119750978,"z":5.049777030944824},"rotation":{"x":0.03508782386779785,"y":0.9089967608451843,"z":-0.07819262146949768,"w":0.40789827704429629},"size":-1.4520208835601807,"orthographic":false}