{"cameraMode":{"drawMode":0,"name":"Shaded","section":"Shading Mode"},"sceneLighting":false,"audioPlay":false,"sceneViewState":{"showFog":true,"showMaterialUpdate":false,"showSkybox":true,"showFlares":true,"showImageEffects":true,"showParticleSystems":true},"in2DMode":false,"pivot":{"x":2.4079811573028566,"y":1.0441089868545533,"z":1.076334834098816},"rotation":{"x":-0.1521991491317749,"y":-0.6785639524459839,"z":0.14674831926822663,"w":-0.7036570906639099},"size":5.185945987701416,"orthographic":false}